date,load_no,start_time,end_time,deck_count_used,trays,rolls,product,operator
2026-09-28,1,02:00,02:20,3,6,180,rolls,J. Weber
2026-09-28,2,02:25,02:45,3,6,180,rolls,J. Weber
2026-09-28,3,02:55,03:15,4,8,240,rolls,J. Weber
2026-09-28,4,03:20,03:40,4,8,240,rolls,J. Weber
2026-09-28,5,03:50,04:10,4,8,240,rolls,J. Weber
2026-09-28,6,04:10,04:30,4,8,240,rolls,J. Weber
2026-09-28,7,04:30,04:50,4,8,240,rolls,J. Weber
2026-09-28,8,05:00,05:20,4,8,240,rolls,J. Weber
2026-09-28,9,05:30,05:50,4,8,240,rolls,J. Weber
2026-09-29,1,02:00,02:20,4,8,240,rolls,J. Weber
2026-09-29,2,02:25,02:45,3,6,180,rolls,J. Weber
2026-09-29,3,02:45,03:05,4,8,240,rolls,J. Weber
2026-09-29,4,03:05,03:25,4,8,240,rolls,J. Weber
2026-09-29,5,03:25,03:45,4,8,2400,rolls,J. Weber
2026-09-29,6,03:45,04:05,4,8,240,rolls,J. Weber
2026-09-29,7,04:10,04:30,4,8,240,rolls,J. Weber
2026-09-29,8,04:30,04:50,4,8,240,rolls,J. Weber
2026-09-29,9,05:05,05:25,4,8,240,rolls,J. Weber
2026-09-29,10,05:30,05:50,3,6,180,rolls,J. Weber
2026-09-30,1,02:00,02:20,4,8,240,rolls,M. Demir
2026-09-30,2,02:30,02:50,4,8,240,rolls,M. Demir
2026-09-30,3,02:55,03:15,4,8,240,rolls,M. Demir
2026-09-30,4,03:25,03:45,4,8,240,rolls,M. Demir
2026-09-30,5,04:00,04:20,4,8,240,rolls,M. Demir
2026-09-30,6,04:30,04:50,4,8,240,rolls,M. Demir
2026-09-30,7,04:50,05:10,4,8,240,rolls,M. Demir
2026-09-30,8,05:20,05:40,4,8,240,rolls,M. Demir
2026-09-30,9,05:40,06:00,4,8,240,rolls,M. Demir
2026-10-01,1,02:00,2026-09-30 02:20,4,8,240,rolls,J. Weber
2026-10-01,2,02:30,2026-09-30 02:50,4,8,240,rolls,J. Weber
2026-10-01,3,02:55,2026-09-30 03:15,4,8,240,rolls,J. Weber
2026-10-01,4,03:25,2026-09-30 03:45,4,8,240,rolls,J. Weber
2026-10-01,5,03:50,2026-09-30 04:10,3,6,180,rolls,J. Weber
2026-10-01,6,04:20,2026-09-30 04:40,4,8,240,rolls,J. Weber
2026-10-01,7,04:50,2026-09-30 05:10,4,8,240,rolls,J. Weber
2026-10-01,8,05:10,2026-09-30 05:30,4,8,240,rolls,J. Weber
2026-10-01,9,05:35,2026-09-30 05:55,4,8,240,rolls,J. Weber
2026-10-02,1,02:00,2026-10-01 02:20,3,6,180,rolls,L. Hoffmann
2026-10-02,2,02:30,2026-10-01 02:50,4,8,240,rolls,L. Hoffmann
2026-10-02,3,02:50,2026-10-01 03:10,4,8,240,rolls,L. Hoffmann
2026-10-02,4,03:15,2026-10-01 03:35,4,8,240,rolls,L. Hoffmann
2026-10-02,5,03:40,2026-10-01 04:00,4,8,240,rolls,L. Hoffmann
2026-10-02,6,04:00,2026-10-01 04:20,3,6,180,rolls,L. Hoffmann
2026-10-02,7,04:20,2026-10-01 04:40,4,8,240,rolls,L. Hoffmann
2026-10-02,8,04:45,2026-10-01 05:05,4,8,240,rolls,L. Hoffmann
2026-10-02,9,05:15,2026-10-01 05:35,4,8,240,rolls,L. Hoffmann
2026-10-02,10,05:35,2026-10-01 05:55,3,6,180,rolls,L. Hoffmann
2026-10-03,1,02:00,2026-10-02 02:20,3,6,180,rolls,M. Demir
2026-10-03,2,02:20,2026-10-02 02:40,3,6,180,rolls,M. Demir
2026-10-03,3,02:45,2026-10-02 03:05,4,8,240,rolls,M. Demir
2026-10-03,4,03:05,2026-10-02 03:25,4,8,240,rolls,M. Demir
2026-10-03,5,03:25,2026-10-02 03:45,4,8,240,rolls,M. Demir
2026-10-03,6,03:45,2026-10-02 04:05,4,8,240,rolls,M. Demir
2026-10-03,7,04:05,2026-10-02 04:25,3,6,180,rolls,M. Demir
2026-10-03,8,04:30,2026-10-02 04:50,4,8,240,rolls,M. Demir
2026-10-03,9,05:00,2026-10-02 05:20,4,8,240,rolls,M. Demir
2026-10-03,10,05:20,2026-10-02 05:40,3,6,180,rolls,M. Demir
