date;load_no;start_time;end_time;deck_count_used;trays;rolls;product;operator
28.09.2026;1;02:00;02:20;3;6,0;180,0;rolls;J. Weber
28.09.2026;2;02:25;02:45;3;6,0;180,0;rolls;J. Weber
28.09.2026;3;02:55;03:15;4;8,0;240,0;rolls;J. Weber
28.09.2026;4;03:20;03:40;4;8,0;240,0;rolls;J. Weber
28.09.2026;5;03:50;04:10;4;8,0;240,0;rolls;J. Weber
28.09.2026;6;04:10;04:30;4;8,0;240,0;rolls;J. Weber
28.09.2026;7;04:30;04:50;4;8,0;240,0;rolls;J. Weber
28.09.2026;8;05:00;05:20;4;8,0;240,0;rolls;J. Weber
28.09.2026;9;05:30;05:50;4;8,0;240,0;rolls;J. Weber
29.09.2026;1;02:00;02:20;4;8,0;240,0;rolls;J. Weber
29.09.2026;2;02:25;02:45;3;6,0;180,0;rolls;J. Weber
29.09.2026;3;02:45;03:05;4;8,0;240,0;rolls;J. Weber
29.09.2026;4;03:05;03:25;4;8,0;240,0;rolls;J. Weber
29.09.2026;5;03:25;03:45;4;8,0;240,0;rolls;J. Weber
29.09.2026;6;03:45;04:05;4;8,0;240,0;rolls;J. Weber
29.09.2026;7;04:10;04:30;4;8,0;240,0;rolls;J. Weber
29.09.2026;8;04:30;04:50;4;8,0;240,0;rolls;J. Weber
29.09.2026;9;05:05;05:25;4;8,0;240,0;rolls;J. Weber
29.09.2026;10;05:30;05:50;3;6,0;180,0;rolls;J. Weber
30.09.2026;1;02:00;02:20;4;8,0;240,0;rolls;M. Demir
30.09.2026;2;02:30;02:50;4;8,0;240,0;rolls;M. Demir
30.09.2026;3;02:55;03:15;4;8,0;240,0;rolls;M. Demir
30.09.2026;4;03:25;03:45;4;8,0;240,0;rolls;M. Demir
30.09.2026;5;04:00;04:20;4;8,0;240,0;rolls;M. Demir
30.09.2026;6;04:30;04:50;4;8,0;240,0;rolls;M. Demir
30.09.2026;7;04:50;05:10;4;8,0;240,0;rolls;M. Demir
30.09.2026;8;05:20;05:40;4;8,0;240,0;rolls;M. Demir
30.09.2026;9;05:40;06:00;4;8,0;240,0;rolls;M. Demir
01.10.2026;1;02:00;02:20;4;8,0;240,0;rolls;J. Weber
01.10.2026;2;02:30;02:50;4;8,0;240,0;rolls;J. Weber
01.10.2026;3;02:55;03:15;4;8,0;240,0;rolls;J. Weber
01.10.2026;4;03:25;03:45;4;8,0;240,0;rolls;J. Weber
01.10.2026;5;03:50;04:10;3;6,0;180,0;rolls;J. Weber
01.10.2026;6;04:20;04:40;4;8,0;240,0;rolls;J. Weber
01.10.2026;7;04:50;05:10;4;8,0;240,0;rolls;J. Weber
01.10.2026;8;05:10;05:30;4;8,0;240,0;rolls;J. Weber
01.10.2026;9;05:35;05:55;4;8,0;240,0;rolls;J. Weber
02.10.2026;1;02:00;02:20;3;6,0;180,0;rolls;L. Hoffmann
02.10.2026;2;02:30;02:50;4;8,0;240,0;rolls;L. Hoffmann
02.10.2026;3;02:50;03:10;4;8,0;240,0;rolls;L. Hoffmann
02.10.2026;4;03:15;03:35;4;8,0;240,0;rolls;L. Hoffmann
02.10.2026;5;03:40;04:00;4;8,0;240,0;rolls;L. Hoffmann
02.10.2026;6;04:00;04:20;3;6,0;180,0;rolls;L. Hoffmann
02.10.2026;7;04:20;04:40;4;8,0;240,0;rolls;L. Hoffmann
02.10.2026;8;04:45;05:05;4;8,0;240,0;rolls;L. Hoffmann
02.10.2026;9;05:15;05:35;4;8,0;240,0;rolls;L. Hoffmann
02.10.2026;10;05:35;05:55;3;6,0;180,0;rolls;L. Hoffmann
03.10.2026;1;02:00;02:20;3;6,0;180,0;rolls;M. Demir
03.10.2026;2;02:20;02:40;3;6,0;180,0;rolls;M. Demir
03.10.2026;3;02:45;03:05;4;8,0;240,0;rolls;M. Demir
03.10.2026;4;03:05;03:25;4;8,0;240,0;rolls;M. Demir
03.10.2026;5;03:25;03:45;4;8,0;240,0;rolls;M. Demir
03.10.2026;6;03:45;04:05;4;8,0;240,0;rolls;M. Demir
03.10.2026;7;04:05;04:25;3;6,0;180,0;rolls;M. Demir
03.10.2026;8;04:30;04:50;4;8,0;240,0;rolls;M. Demir
03.10.2026;9;05:00;05:20;4;8,0;240,0;rolls;M. Demir
03.10.2026;10;05:20;05:40;3;6,0;180,0;rolls;M. Demir
